year,month,day,length,weight,sex,maturity,gonad_weight,gsi
2017,Jan,6,19.2,57.4,M,II,0.2,0.348
2017,Jan,6,17.7,40.8,M,II,0.2,0.49
2017,Jan,6,16.9,40.6,F,II,0.2,0.493
2017,Jan,6,19.8,80.8,F,II,0.4,0.495
2017,Jan,6,17.9,42.5,F,II,0.3,0.706
2017,Jan,6,18.3,47.6,M,III,0.5,1.05
2017,Jan,6,19.5,67.6,F,III,1.5,2.219
2017,Jan,6,16.7,33.9,F,II,0.4,1.18
2017,Jan,6,17.1,38.3,F,II,0.3,0.783
2017,Jan,6,19.9,59.4,M,II,1.4,2.357
2017,Jan,6,19.8,80.4,F,II,0.5,0.622
2017,Jan,6,16.7,40.9,F,II,0.1,0.244
2017,Jan,6,18,51.4,F,II,0.4,0.778
2017,Jan,6,20.1,79.2,F,II,0.5,0.631
2017,Jan,6,20.8,84.1,M,III,1.7,2.021
2017,Jan,6,19.6,78.1,F,II,0.5,0.64
2017,Jan,6,19.7,70.2,F,II,0.7,0.997
2017,Jan,6,19.1,65.8,F,II,0.6,0.912
2017,Jan,12,17.1,37.2,M,III,0.6,1.613
2017,Jan,12,16.4,29.8,M,III,0.2,0.671
2017,Jan,12,21.2,77.4,F,III,2.1,2.713
2017,Jan,12,23.1,120.7,F,IV,2.3,1.906
2017,Jan,12,16.4,39.1,M,III,0.3,0.767
2017,Jan,12,19.3,61.9,F,III,1.7,2.746
2017,Jan,12,15,28.1,M,III,0.1,0.356
2017,Jan,12,15.3,27.5,M,III,0.2,0.727
2017,Jan,12,20.4,75.9,F,III,1.9,2.503
2017,Jan,12,21.5,77.8,F,IV,1.9,2.442
2017,Jan,12,15.7,30.2,M,III,0.2,0.662
2017,Jan,12,19.6,80.3,F,III,0.9,1.121
2017,Jan,12,17.9,48.9,F,III,0.6,1.227
2017,Jan,12,20.6,75.8,F,III,1.8,2.375
2017,Jan,12,15.9,60.7,F,III,0.8,1.318
2017,Jan,12,16.5,61.3,F,III,0.5,0.816
2017,Jan,12,16.8,70.2,F,III,0.7,0.997
2017,Jan,18,18.5,61.2,M,IV,0.4,0.654
2017,Jan,18,21.6,97.3,F,V,4.4,4.522
2017,Jan,18,23.6,141.2,F,IV,2,1.416
2017,Jan,18,21.2,78.1,F,IV,1.8,2.305
2017,Jan,18,17.6,53.6,F,V,3.1,5.784
2017,Jan,18,18.7,61.7,F,V,2.8,4.538
2017,Jan,18,24.2,143.9,F,IV,6.7,4.656
2017,Jan,18,20.8,81.9,F,V,4.1,5.006
2017,Jan,18,19.4,70.8,F,V,3.2,4.52
2017,Jan,18,20.9,69.4,F,IV,1.5,2.161
2017,Jan,18,19.8,67.4,M,IV,0.7,1.039
2017,Jan,18,22,91.5,F,V,2.4,2.623
2017,Jan,18,18.3,43.8,F,V,1.1,2.511
2017,Jan,18,19.8,73.6,F,V,4,5.435
2017,Jan,18,18.8,61.9,F,V,1.2,1.939
2017,Jan,18,14.6,24.1,F,I,0,0
2017,Jan,18,20.9,82.3,F,V,1.6,1.944
2017,Jan,18,18.4,44.1,F,V,1.2,2.721
2017,Jan,18,14.9,26.3,F,I,0,0
2017,Jan,18,13.9,23.8,F,I,0,0
2017,Jan,18,20.6,71.3,F,V,1.4,1.964
2017,Jan,18,19.3,68.1,F,V,1.6,2.349
2017,Jan,18,21.3,99.5,F,V,3,3.015
2017,Jan,18,14.2,20.9,F,I,0,0
2017,Jan,18,14.9,27.4,F,I,0,0
2017,Jan,18,15.2,27,F,I,0,0
2017,Jan,18,14.3,20.6,M,I,0,0
2017,Feb,3,19.6,59.9,F,II,0.8,1.336
2017,Feb,3,14.2,21.3,F,I,0,0
2017,Feb,3,15.5,27.6,F,I,0,0
2017,Feb,3,14.2,20.7,M,II,0,0
2017,Feb,3,15.1,26.9,F,I,0,0
2017,Feb,3,14.6,21.5,F,I,0,0
2017,Feb,3,14,23.8,F,I,0,0
2017,Feb,3,19.3,60.6,F,II,0.5,0.825
2017,Feb,3,16.5,32.9,M,II,0.3,0.912
2017,Feb,3,14.4,20.6,M,I,0,0
2017,Feb,3,15.8,27.6,F,I,0,0
2017,Feb,3,17.8,46.7,M,II,0.3,0.642
2017,Feb,3,14.5,20.6,F,I,0,0
2017,Feb,3,15.6,27.2,F,I,0,0
2017,Feb,3,14.3,20.3,M,I,0,0
2017,Feb,3,19.9,80.9,F,II,0.7,0.865
2017,Feb,3,21.6,90.5,F,II,0.6,0.663
2017,Feb,3,19.3,70.5,M,II,0.5,0.709
2017,Feb,3,21.7,105,F,II,0.6,0.571
2017,Feb,3,17.4,46.7,M,II,0.4,0.857
2017,Feb,3,15.6,32.6,M,II,0.3,0.92
2017,Feb,3,24.1,120.1,M,III,0.5,0.416
2017,Feb,3,26.6,190.1,F,III,8.5,4.471
2017,Feb,3,14.6,31.1,M,II,0.1,0.322
2017,Feb,3,12.1,27.6,M,II,0.3,1.087
2017,Feb,3,20,70.5,F,II,0.4,0.567
2017,Feb,3,18.1,55.8,F,II,0.3,0.538
2017,Feb,3,25.1,140.5,M,III,1,0.712
2017,Feb,3,17.3,42.7,M,II,0.3,0.703
2017,Feb,3,19.6,63.2,M,II,0.1,0.158
2017,Feb,3,15.6,29.8,F,II,0.3,1.007
2017,Feb,21,20.6,86.2,F,IV,3.3,3.828
2017,Feb,21,23.6,141.5,F,IV,5.9,4.17
2017,Feb,21,16.6,40.9,M,IV,0.3,0.733
2017,Feb,21,22.1,92.4,F,V,2.5,2.706
2017,Feb,21,21.1,80.3,M,IV,0.7,0.872
2017,Feb,21,18.1,60.9,F,IV,0.5,0.821
2017,Feb,21,18.8,62.7,F,V,2.3,3.668
2017,Feb,21,19.7,77.1,F,V,2.6,3.372
2017,Feb,21,20.7,86.7,F,IV,3.1,3.576
2017,Feb,21,20,70.3,M,IV,0.8,1.138
2017,Feb,21,20.8,86.5,F,IV,3.6,4.162
2017,Feb,21,19,52.9,F,V,2.5,4.726
2017,Feb,21,19,66,F,V,2.5,3.788
2017,Mar,15,20,68.8,F,V,1.7,2.471
2017,Mar,15,24.3,142.2,F,IV,6.1,4.29
2017,Mar,15,20.4,67.6,M,IV,0.7,1.036
2017,Mar,15,22.7,92.2,F,V,2.5,2.711
2017,Mar,15,19.4,62.6,F,V,1.2,1.917
2017,Mar,15,24.2,141.3,F,IV,5.9,4.176
2017,Mar,15,18.5,49.5,M,IV,0.8,1.616
2017,Mar,15,26.5,147,F,IV,4.8,3.265
2017,Mar,15,21.7,96.1,F,V,3.6,3.746
2017,Mar,15,19.2,60.7,M,IV,0.4,0.659
2017,Mar,15,18.7,58.2,F,V,2.4,4.124
2017,Mar,15,21.2,86,F,IV,3,3.488
2017,Mar,24,21.7,96.2,F,V,4.1,4.262
2017,Mar,24,21.6,95.6,F,V,3.9,4.079
2017,Mar,24,18.2,44.3,F,V,1,2.257
2017,Mar,24,12.3,21,F,I,0,0
2017,Mar,24,14.6,22.6,F,I,0,0
2017,Mar,24,13.9,25.2,F,I,0,0
2017,Mar,24,14.5,24.5,F,I,0,0
2017,Mar,24,22.6,133.9,F,V,3.8,2.838
2017,Mar,24,14.7,25.6,F,I,0,0
2017,Mar,24,15,27.3,F,I,0,0
2017,Mar,24,14,24.5,F,I,0,0
2017,Mar,24,15.2,27.6,F,I,0,0
2017,Mar,24,14.4,21,M,I,0,0
2017,Mar,24,14.9,26.8,F,I,0,0
2017,Mar,24,15.3,28.2,F,I,0,0
2017,Mar,24,15.5,29.3,F,I,0,0
2017,Apr,5,22,10.4,M,III,0.4,3.846
2017,Apr,5,20.3,82,M,III,0.4,0.488
2017,Apr,5,20.3,85,M,II,0.5,0.588
2017,Apr,5,17.5,57,M,II,0.2,0.351
2017,Apr,5,22.1,104,M,II,0.5,0.481
2017,Apr,5,18,61,M,II,0.4,0.656
2017,Apr,5,17.6,57,M,II,0.2,0.351
2017,Apr,5,18.2,58,M,II,0.1,0.172
2017,Apr,5,18.5,58,M,II,0.1,0.172
2017,Apr,5,18.7,66,M,II,0.3,0.455
2017,Apr,5,20.1,86,F,II,0.3,0.349
2017,Apr,5,19.5,78,M,III,0.4,0.513
2017,Apr,5,17.9,58,F,II,0.3,0.517
2017,Apr,5,20.1,84,F,II,0.4,0.476
2017,Apr,12,22.2,105.8,M,III,0.7,0.662
2017,Apr,12,18.4,44.6,M,III,0.4,0.897
2017,Apr,12,20.6,67.8,M,IV,0.8,1.18
2017,Apr,12,20.7,81.8,F,III,0.7,0.856
2017,Apr,12,19.7,80,F,III,3.3,4.125
2017,Apr,12,19.6,69.7,M,III,0.5,0.717
2017,Apr,12,20.6,81.2,F,III,0.6,0.739
2017,Apr,12,21.2,80.5,M,IV,0.8,0.994
2017,Apr,12,17.9,48.6,M,III,0.4,0.823
2017,Apr,12,18.2,51.9,F,III,2.5,4.817
2017,Apr,12,25.7,80.9,F,III,4,4.944
2017,Apr,12,20.8,85.8,F,IV,3.6,4.196
2017,Apr,12,17,43.3,M,III,0.2,0.462
2017,Apr,12,21.1,85.8,F,III,2.3,2.681
2017,Apr,21,27.8,244.1,F,V,11.3,4.629
2017,Apr,21,26.7,147.5,F,IV,5,3.39
2017,Apr,21,21.2,80.8,M,IV,0.5,0.619
2017,Apr,21,15.9,35.9,M,III,0.2,0.557
2017,Apr,21,21,82.7,F,V,1.7,2.056
2017,Apr,21,19.9,78.1,F,V,6.4,8.195
2017,Apr,21,20.7,86.4,F,IV,3.5,4.051
2017,Apr,21,19.2,64.6,F,III,1.3,2.012
2017,Apr,21,20.9,86.9,F,IV,3,3.452
2017,Apr,21,19.9,66.1,M,IV,0.6,0.908
2017,Apr,21,20.6,68.3,M,IV,0.8,1.171
2017,Apr,21,19.7,76.5,F,V,2.6,3.399
2017,Apr,21,20.8,86.9,F,IV,3.7,4.258
2017,May,3,19.8,72.3,F,II,0.4,0.553
2017,May,3,17.3,42.4,F,II,0.2,0.472
2017,May,3,16.5,42.3,M,III,0.2,0.473
2017,May,3,16.6,42.6,F,II,0.2,0.469
2017,May,3,15.8,34.1,M,III,0.1,0.293
2017,May,3,16.1,36.4,F,II,0.2,0.549
2017,May,3,19.5,67.5,F,II,0.5,0.741
2017,May,3,19.3,66.9,F,II,0.3,0.448
2017,May,3,20.5,71.8,F,II,0.6,0.836
2017,May,3,17.2,43.8,F,II,0.2,0.457
2017,May,3,18.3,55.5,F,II,0.3,0.541
2017,May,3,16.9,42.5,M,III,0.2,0.471
2017,May,3,17.1,50.6,F,II,0,0
2017,May,3,16.3,40.1,F,II,0.2,0.499
2017,May,3,16.6,42.3,M,III,0.2,0.473
2017,May,3,17,54.3,F,II,0.5,0.921
2017,May,3,18.6,61.6,F,II,0.3,0.487
2017,May,3,12,17.1,F,I,0,0
2017,May,3,20.3,84,F,II,0.5,0.595
2017,May,3,18.2,55.1,F,II,0.4,0.726
2017,May,3,18.1,57.2,F,II,0.4,0.699
2017,May,3,18.7,40.6,F,II,0.2,0.493
2017,May,24,19.6,61.1,M,IV,0.8,1.309
2017,May,24,24,145.5,F,IV,6.3,4.33
2017,May,24,20.8,85.7,F,IV,3.6,4.201
2017,May,24,21.2,86.9,F,IV,3.2,3.682
2017,May,24,19.3,65.5,F,V,2.8,4.275
2017,May,24,20.3,78.6,F,V,6.8,8.651
2017,May,24,17.8,40.4,M,IV,0.7,1.733
2017,May,24,21,68.7,M,IV,1.2,1.747
2017,May,24,21.2,82.4,F,V,1.8,2.184
2017,May,24,20.8,85.7,F,IV,3.3,3.851
2017,May,24,20.1,65.6,F,V,2.1,3.201
2017,May,24,19.8,79.6,F,III,3.6,4.523
2017,May,24,18.8,49.9,M,IV,1.2,2.405
2017,May,24,13,16,M,I,0,0
2017,May,24,12.2,15.8,F,I,0,0
2017,May,24,13.1,17,M,I,0,0
2017,May,24,12.8,17.4,M,II,0,0
2017,May,24,13,24.6,M,II,0,0
2017,May,24,14.5,27.4,M,III,0.1,0.365
2017,May,24,13.2,17.5,F,I,0,0
2017,May,24,13.9,23.3,M,II,0,0
2017,May,24,13.1,17.4,M,II,0,0
2017,May,24,12.3,15.4,M,I,0,0
2017,May,24,13.2,19.7,M,II,0,0
2017,May,24,14,20.5,M,II,0,0
2017,May,24,14.3,23,M,I,0,0
2017,May,24,13.4,19.4,M,II,0,0
2017,May,24,13.5,17.9,M,I,0,0
2017,May,24,13.3,16.6,M,III,0.2,1.205
2017,May,24,13.7,21.9,M,III,0.1,0.457
2017,May,24,12.6,16,M,II,0,0
2017,May,24,13.3,18.3,M,I,0,0
2017,May,24,14,20,M,II,0,0
2017,May,24,12.5,14.4,F,I,0,0
2017,May,24,14.3,25.4,M,II,0,0
2017,May,24,13.2,18.5,M,I,0,0
2017,May,24,14.2,22,M,I,0,0
2017,May,24,13.8,22.1,M,II,0,0
2017,May,24,12.9,15.8,M,I,0,0
2017,May,24,12.5,21,M,II,0,0
2017,May,24,12.7,17.8,M,II,0,0
2017,May,24,12.9,16.5,F,I,0,0
2017,May,24,13.2,19.4,M,II,0,0
2017,May,24,13.8,21.4,M,II,0,0
2017,May,24,14.1,22.3,M,I,0,0
2017,May,24,13.5,24.6,M,II,0,0
2017,May,24,13.8,20,F,I,0,0
2017,May,24,14,22.4,F,II,0,0
2017,May,24,12,15.3,F,II,0,0
2017,May,24,11.8,13,F,II,0,0
2017,May,24,12.3,14,F,II,0,0
2017,Jun,9,20.9,83,F,V,1.8,2.169
2017,Jun,9,21,82.8,F,V,2,2.415
2017,Jun,9,22.7,92.5,F,V,2.8,3.027
2017,Jun,9,19.3,68.4,F,V,1.6,2.339
2017,Jun,9,22,91.8,F,V,2.7,2.941
2017,Jun,9,18.7,62.1,F,V,2.5,4.026
2017,Jun,9,20.3,79.9,F,V,2.6,3.254
2017,Jun,9,19.3,71.7,F,V,5.9,8.229
2017,Jun,9,15.2,27.9,F,I,0,0
2017,Jun,9,14.6,24.3,F,I,0,0
2017,Jun,9,21.5,97.2,F,V,4.5,4.63
2017,Jun,9,19.5,65.3,F,V,3.9,5.972
2017,Jun,9,18.9,65.4,F,V,2.7,4.128
2017,Jun,15,15.5,29.8,F,I,0,0
2017,Jun,15,14,25,F,I,0,0
2017,Jun,15,14.6,23.1,F,I,0,0
2017,Jun,15,20.3,84.5,F,II,1,1.183
2017,Jun,15,18.3,56,F,II,0.6,1.071
2017,Jun,15,14.8,25.3,F,I,0,0
2017,Jun,15,14.9,24.9,F,I,0,0
2017,Jun,15,14.5,21.1,F,I,0,0
2017,Jun,15,15.1,27.4,F,I,0,0
2017,Jun,15,16.1,36.9,F,II,0.7,1.897
2017,Jun,15,14.9,27.9,F,I,0,0
2017,Jun,15,15.3,27.8,F,I,0,0
2017,Jun,15,15.8,28.9,F,I,0,0
2017,Jun,15,14.3,24.4,F,I,0,0
2017,Jun,15,17.9,58.5,F,II,0.8,1.368
2017,Jun,15,17.6,57.5,F,II,0.7,1.217
2017,Jun,15,15.5,28.1,F,I,0,0
2017,Jun,15,15.2,27.6,F,I,0,0
2017,Jun,15,20.5,79.4,F,II,0.6,0.756
2017,Jun,15,14.1,23.9,F,I,0,0
2017,Jun,15,15.4,27.4,F,I,0,0
2017,Jun,15,15.6,27.8,F,I,0,0
2017,Jun,15,13.8,24.7,F,I,0,0
2017,Jun,21,17,55,F,II,0.5,0.909
2017,Jun,21,19.5,68.2,F,II,0.6,0.88
2017,Jun,21,20.1,86.7,F,II,0.4,0.461
2017,Jun,21,17.5,57.7,F,II,0.3,0.52
2017,Jun,21,19.4,64.8,F,II,0.8,1.235
2017,Jun,21,19.9,60.9,F,II,1,1.642
2017,Jun,21,17,41.4,M,III,0.2,0.483
2017,Jun,21,20,71.2,F,II,0.5,0.702
2017,Jun,21,21.6,91.2,F,II,0.7,0.768
2017,Jun,21,15.1,27.5,F,II,0.1,0.364
2017,Jun,21,13.9,21.1,M,II,0,0
2017,Jun,21,18.8,55.9,F,II,0.5,0.894
2017,Jun,21,19,57.6,M,II,0.3,0.521
2017,Jun,21,16.7,42.3,F,II,0.5,1.182
2017,Jun,21,14.2,25.9,M,III,0.1,0.386
2017,Jun,21,19.9,73.2,F,II,0.8,1.093
2017,Jun,21,19.6,61.9,F,II,0.7,1.131
2017,Jun,21,14,27.9,F,II,0.4,1.434
2017,Jun,21,18.6,56,F,II,0.6,1.071
2017,Jun,21,15.5,33.5,M,III,0.2,0.597
2017,Jun,21,19.2,62.5,M,III,0.3,0.48
2017,Jun,30,19.8,90,M,III,1.1,1.222
2017,Jun,30,19.2,74.6,F,III,1.7,2.279
2017,Jun,30,19.7,77.5,F,IV,4.1,5.29
2017,Jun,30,20.7,91.8,F,III,1.7,1.852
2017,Jun,30,21.3,98.5,M,III,0.9,0.914
2017,Jun,30,25.7,191.6,F,III,4.6,2.401
2017,Jun,30,17.7,50.5,M,III,0.7,1.386
2017,Jun,30,18.1,68.5,M,III,0.8,1.168
2017,Jun,30,21.3,96.9,M,III,1.3,1.342
2017,Jun,30,16.8,42.9,F,III,0.5,1.166
2017,Jun,30,20.8,90.5,F,III,2.6,2.873
2017,Jun,30,20.7,96.7,F,IV,3.5,3.619
2017,Jun,30,18.8,64.8,F,III,1.1,1.698
2017,Jun,30,16.2,47.3,F,III,1.7,3.594
2017,Jul,6,22.3,92.1,F,V,3,3.257
2017,Jul,6,20.8,86,F,IV,3.3,3.837
2017,Jul,6,18.8,50.2,M,IV,1.2,2.39
2017,Jul,6,17.8,40.7,M,IV,0.7,1.72
2017,Jul,6,23.7,145.2,F,IV,6,4.132
2017,Jul,6,20.6,78.9,F,V,7.1,8.999
2017,Jul,6,20.8,87.2,F,IV,4,4.587
2017,Jul,6,20.9,86.9,F,IV,3.2,3.682
2017,Jul,6,26.7,147.8,F,IV,5.3,3.586
2017,Jul,6,19.1,62.4,F,V,1.3,2.083
2017,Jul,6,21.2,88,F,IV,3.2,3.636
2017,Jul,12,20.7,80.3,F,V,3,3.736
2017,Jul,12,21.4,83.2,F,V,2.4,2.885
2017,Jul,12,19.3,65.9,F,V,2.8,4.249
2017,Jul,12,20.9,83.1,F,V,1.5,1.805
2017,Jul,12,19.6,66.9,F,V,3,4.484
2017,Jul,12,27.8,244.6,F,V,11.3,4.62
2017,Jul,12,18.7,58.6,F,V,2.8,4.778
2017,Jul,12,19.4,66.4,F,V,2.9,4.367
2017,Jul,12,14.7,22.1,F,I,0,0
2017,Jul,12,21.3,99.9,F,V,3,3.003
2017,Jul,12,18.8,62.3,F,V,1.6,2.568
2017,Jul,12,15.9,30.2,F,I,0,0
2017,Jul,12,13.8,24.6,F,I,0,0
2017,Jul,18,18.5,56.9,F,II,0.4,0.703
2017,Jul,18,18.8,59.2,F,II,0.6,1.014
2017,Jul,18,17.5,40.7,F,II,0.3,0.737
2017,Jul,18,17.5,47.9,M,III,0.2,0.418
2017,Jul,18,17.8,51.3,F,II,0.5,0.975
2017,Jul,18,17,38.2,M,III,0.4,1.047
2017,Jul,18,19.8,64.8,F,III,1,1.543
2017,Jul,18,16.7,36.6,M,III,0.2,0.546
2017,Jul,18,18.2,50.2,F,II,0.6,1.195
2017,Jul,18,18,58,F,III,1,1.724
2017,Jul,18,18.1,50.8,F,II,0.5,0.984
2017,Jul,18,18.3,57.7,F,II,0.6,1.04
2017,Jul,18,17.2,40.6,F,II,0.3,0.739
2017,Jul,18,17.6,47,F,II,0.5,1.064
2017,Jul,18,18.6,52.6,F,II,0.5,0.951
2017,Jul,18,22.4,96.5,M,III,0.4,0.415
2017,Jul,18,19,65.8,F,III,1.4,2.128
2017,Jul,18,19.5,58.4,F,II,0.6,1.027
2017,Jul,18,19,59.6,F,II,0.6,1.007
2017,Jul,18,18.8,56.3,F,III,1.6,2.842
2017,Jul,18,15,42.7,F,II,0.3,0.703
2017,Jul,18,15.2,28.4,M,III,0.1,0.352
2017,Jul,27,18.6,69,M,III,0.8,1.159
2017,Jul,27,19.8,90.5,M,III,1.1,1.215
2017,Jul,27,25.9,184.6,F,III,5.4,2.925
2017,Jul,27,18.1,52.5,F,III,2.7,5.143
2017,Jul,27,22.8,107.5,M,III,0.7,0.651
2017,Jul,27,25.9,150.8,F,IV,5.3,3.515
2017,Jul,27,19.5,64.7,F,III,2.3,3.555
2017,Jul,27,19.2,65.1,F,III,1.3,1.997
2017,Jul,27,17.9,49.1,M,III,0.9,1.833
2017,Jul,27,22.2,106.3,M,III,1.1,1.035
2017,Jul,27,22.7,108,M,IV,0.9,0.833
2017,Jul,27,18.6,56.4,M,III,0.5,0.887
2017,Aug,3,19.7,77.8,F,IV,4.4,5.656
2017,Aug,3,17.8,41,M,IV,1,2.439
2017,Aug,3,26.4,173.9,F,IV,5.3,3.048
2017,Aug,3,18.9,58.9,F,V,3,5.093
2017,Aug,3,19.6,61.4,M,IV,1.1,1.792
2017,Aug,3,17.8,40.7,M,IV,1,2.457
2017,Aug,3,19.3,66.2,F,V,3.1,4.683
2017,Aug,3,19.9,66.5,M,IV,0.9,1.353
2017,Aug,3,26,146.9,F,IV,5.3,3.608
2017,Aug,3,21,85.7,F,IV,3.3,3.851
2017,Aug,3,20.6,79.2,F,V,7.4,9.343
2017,Aug,3,17.2,49.7,F,III,1,2.012
2017,Aug,3,20.5,85.6,F,IV,3.3,3.855
2017,Aug,9,18.7,58.9,F,V,3.1,5.263
2017,Aug,9,19.3,66.2,F,V,3.2,4.834
2017,Aug,9,20.6,79.2,F,V,6.9,8.712
2017,Aug,9,21.5,97.5,F,V,4.8,4.923
2017,Aug,9,21.8,91.5,F,V,2.5,2.732
2017,Aug,9,20.9,83.3,F,V,1.5,1.801
2017,Aug,9,19,65.8,F,V,3.2,4.863
2017,Aug,9,15.6,27.6,F,I,0,0
2017,Aug,9,19.7,65.5,F,V,2,3.053
2017,Aug,9,14.8,24.8,F,I,0,0
2017,Aug,9,16.9,45,F,V,2.8,6.222
2017,Aug,15,15.5,29.8,F,III,0.5,1.678
2017,Aug,15,15.4,27.9,F,I,0,0
2017,Aug,15,15.3,28.3,F,I,0,0
2017,Aug,15,14.6,23.6,F,I,0,0
2017,Aug,15,13.9,25.1,F,I,0,0
2017,Aug,15,14.4,21.5,M,I,0,0
2017,Aug,15,13.5,17.8,M,II,0,0
2017,Aug,15,17.5,59.5,F,II,0.8,1.345
2017,Aug,15,13.9,25.7,F,I,0,0
2017,Aug,15,14.8,25.3,F,I,0,0
2017,Aug,15,14.6,21.4,M,I,0,0
2017,Aug,15,16.2,33.5,F,II,0.8,2.388
2017,Aug,15,15.8,29,F,I,0,0
2017,Aug,15,16.5,29.4,F,II,0.4,1.361
2017,Aug,15,14.4,21.1,M,I,0,0
2017,Aug,15,14.3,20.9,M,I,0,0
2017,Aug,15,13.8,25.1,F,I,0,0
2017,Aug,15,14.6,24.6,F,I,0,0
2017,Aug,15,15.6,27.7,F,I,0,0
2017,Aug,15,14.4,21.6,M,I,0,0
2017,Aug,15,13.9,25.1,F,I,0,0
2017,Aug,15,15.2,27.6,F,I,0,0
2017,Aug,15,14,25.5,F,I,0,0
2017,Aug,15,15.6,27,F,I,0,0
2017,Aug,15,13.6,23.2,M,I,0,0
2017,Aug,24,16.4,32.6,M,III,0.2,0.613
2017,Aug,24,19.8,36.4,F,III,1.7,4.67
2017,Aug,24,18.2,50.5,F,II,0.9,1.782
2017,Aug,24,16.7,42.6,F,II,0.8,1.878
2017,Aug,24,17.5,57.9,F,II,0.6,1.036
2017,Aug,24,19.5,65.4,F,III,2.3,3.517
2017,Aug,24,20.3,84.8,F,II,1.3,1.533
2017,Aug,24,17.1,50.9,F,II,0.7,1.375
2017,Aug,24,19.8,72.6,F,II,0.7,0.964
2017,Aug,24,22.2,104.3,F,II,0.8,0.767
2017,Aug,24,17.9,41.3,M,II,0.5,1.211
2017,Aug,24,8.1,50.4,M,III,0.3,0.595
2017,Aug,24,17.6,51.8,F,II,0.8,1.544
2017,Aug,24,15.6,30.2,F,II,0.6,1.987
2017,Aug,24,21.7,105.3,F,II,0.8,0.76
2017,Aug,24,15.1,27.1,F,II,0.2,0.738
2017,Aug,24,20.5,73.5,F,II,0.9,1.224
2017,Aug,30,15.2,28.7,M,III,0.2,0.697
2017,Aug,30,23.5,150.8,F,IV,10.1,6.698
2017,Aug,30,20.8,90.8,F,III,2.9,3.194
2017,Aug,30,15.5,33.8,M,III,0.2,0.592
2017,Aug,30,19.3,66,F,III,2,3.03
2017,Aug,30,19.2,64.8,F,III,1.6,2.469
2017,Aug,30,18.4,44.9,M,III,0.6,1.336
2017,Aug,30,17.4,46.5,M,III,0.4,0.86
2017,Aug,30,20.8,87.3,F,IV,3.1,3.551
2017,Aug,30,20.6,81.9,F,III,0.9,1.099
2017,Aug,30,20.4,72.6,M,III,0.6,0.826
2017,Aug,30,19,65.7,F,III,1.9,2.892
2017,Aug,30,17.6,46.4,M,III,0.4,0.862
2017,Aug,30,18.7,57.2,F,III,1.4,2.448
2017,Aug,30,19.9,70.3,F,III,2,2.845
2017,Sep,6,17.8,41.2,M,IV,1.3,3.155
2017,Sep,6,21.2,88.3,F,IV,3.5,3.964
2017,Sep,6,21.4,83.5,F,V,2.7,3.234
2017,Sep,6,20.8,86.3,F,IV,3.6,4.171
2017,Sep,6,16.1,27.4,F,I,0,0
2017,Sep,6,21.3,100.2,F,V,3.3,3.293
2017,Sep,6,20.6,68.1,M,IV,1.1,1.615
2017,Sep,6,21.2,87.2,F,IV,3.5,4.014
2017,Sep,6,19.9,66.4,M,IV,0.9,1.355
2017,Sep,6,20.6,79.5,F,V,7.2,9.057
2017,Sep,6,24.3,142.5,F,IV,6.4,4.491
2017,Sep,6,15.9,27.9,F,I,0,0
2017,Sep,12,21.9,102.3,F,III,5.2,5.083
2017,Sep,12,20.2,68.5,F,III,1.9,2.774
2017,Sep,12,18.5,54.7,F,III,1.1,2.011
2017,Sep,12,20,82.2,F,III,5,6.083
2017,Sep,12,17.5,53.5,F,III,1.5,2.804
2017,Sep,12,18,55.3,F,III,1.5,2.712
2017,Sep,12,21.5,91.3,F,III,3.6,3.943
2017,Sep,12,21.5,96.5,F,III,2.3,2.383
2017,Sep,12,20,80.8,F,III,2.4,2.97
2017,Sep,12,19,65.4,F,III,2.8,4.281
2017,Sep,12,18.5,64.7,F,III,1.9,2.937
2017,Sep,12,20.5,85.3,F,V,6.6,7.737
2017,Sep,12,19.5,76.3,F,III,2.5,3.277
2017,Sep,27,19.2,55.9,M,III,0.3,0.537
2017,Sep,27,20.3,85.1,F,II,1.3,1.528
2017,Sep,27,19,59.9,F,II,0.8,1.336
2017,Sep,27,18.8,59.5,F,II,0.6,1.008
2017,Sep,27,15.1,27.8,F,II,0.2,0.719
2017,Sep,27,17.6,57.8,F,II,0.8,1.384
2017,Sep,27,20.8,76.2,M,III,0.6,0.787
2017,Sep,27,19.3,62.3,F,III,3.8,6.1
2017,Sep,27,18.6,61.1,F,II,0.4,0.655
2017,Sep,27,17.3,42.7,F,II,0.3,0.703
2017,Sep,27,22.1,104.3,F,II,0.8,0.767
2017,Sep,27,17.2,36.4,F,II,0.6,1.648
2017,Sep,27,18.7,77.6,F,III,2.4,3.093
2017,Sep,27,17.3,43,M,II,0.3,0.698
2017,Sep,27,19.3,62.9,M,III,0.5,0.795
2017,Sep,27,19.9,81.2,F,II,0.9,1.108
2017,Sep,27,14.1,27.8,F,II,0.5,1.799
2017,Sep,27,18.8,55.6,F,II,0.6,1.079
2017,Oct,3,20.8,76.5,M,III,0.8,1.046
2017,Oct,3,19,65.7,F,III,3,4.566
2017,Oct,3,18,55.6,F,III,1.8,3.237
2017,Oct,3,20.2,65.8,F,III,1.9,2.888
2017,Oct,3,17.6,46.7,M,III,0.5,1.071
2017,Oct,3,20.5,85.6,F,IV,3.2,3.738
2017,Oct,3,17.7,46.8,M,III,0.4,0.855
2017,Oct,3,15.5,34.1,M,III,0.3,0.88
2017,Oct,3,19.5,65.7,F,III,2.3,3.501
2017,Oct,3,18.6,56.7,M,III,0.6,1.058
2017,Oct,3,19.5,65,F,III,2.3,3.538
2017,Oct,3,19.8,90.8,M,III,1.3,1.432
2017,Oct,3,17.8,49.2,M,IV,0.6,1.22
2017,Oct,3,19,66.1,F,III,1.4,2.118
2017,Oct,3,19.8,65.1,F,III,1,1.536
2017,Oct,3,17,41.8,F,III,1,2.392
2017,Oct,12,20.5,80.6,F,V,2.7,3.35
2017,Oct,12,20.8,86.6,F,IV,3.9,4.503
2017,Oct,12,20.5,85.9,F,IV,3.6,4.191
2017,Oct,12,19.6,61.7,M,IV,1.4,2.269
2017,Oct,12,21.2,81.2,F,IV,3.5,4.31
2017,Oct,12,19,61.3,F,IV,3,4.894
2017,Oct,12,25.9,151.2,F,IV,5.6,3.704
2017,Oct,12,23.7,145.5,F,IV,6.3,4.33
2017,Oct,12,19.3,71.7,F,V,5.3,7.392
2017,Oct,12,19.7,77.8,F,IV,4.4,5.656
2017,Oct,12,20.3,86.2,F,V,5.2,6.032
2017,Oct,18,16.9,45.3,F,V,3.2,7.064
2017,Oct,18,21.5,97.8,F,V,5.1,5.215
2017,Oct,18,19.3,66.5,F,V,3.4,5.113
2017,Oct,18,18.7,58.9,F,V,3.1,5.263
2017,Oct,18,21.4,83.5,F,V,2.7,3.234
2017,Oct,18,18.9,65.7,F,V,3,4.566
2017,Oct,18,14.2,21.6,F,I,0,0
2017,Oct,18,18.7,62.4,F,V,2.8,4.487
2017,Oct,18,20.9,83.6,F,V,2.1,2.512
2017,Oct,18,18.3,44.4,F,V,1.3,2.928
2017,Oct,18,18.8,62.5,F,V,1.4,2.24
2017,Oct,18,18.8,58.8,F,V,2.8,4.762
2017,Oct,18,22.6,144.2,F,V,4.1,2.843
2017,Oct,18,21.7,96.4,F,V,3.9,4.046
2017,Oct,18,19,66.3,F,V,2.8,4.223
2017,Oct,18,21.3,99.8,F,V,3.3,3.307
2017,Oct,18,14.5,20.9,F,I,0,0
2017,Oct,27,14,25.8,F,I,0,0
2017,Oct,27,14.6,21.7,M,I,0,0
2017,Oct,27,13.8,24.9,F,I,0,0
2017,Oct,27,15.8,29.1,F,I,0,0
2017,Oct,27,18.8,65.1,F,III,1.3,1.997
2017,Oct,27,16.9,36.1,F,II,0.3,0.831
2017,Oct,27,19.9,72.8,F,II,0.9,1.236
2017,Oct,27,14.6,24.7,F,I,0,0
2017,Oct,27,15.2,27.9,F,I,0,0
2017,Oct,27,15.3,27.1,F,I,0,0
2017,Oct,27,15.6,27.5,F,I,0,0
2017,Oct,27,16.5,40.3,F,II,0.3,0.744
2017,Oct,27,17.6,44.6,F,II,0.4,0.897
2017,Oct,27,15.2,27.3,F,I,0,0
2017,Oct,27,14.9,26.9,F,I,0,0
2017,Oct,27,12.5,20.9,F,I,0,0
2017,Oct,27,15.6,27.6,F,I,0,0
2017,Oct,27,14.5,24.8,F,I,0,0
2017,Oct,27,17.3,42.9,F,II,0.2,0.466
2017,Oct,27,13,20.3,M,I,0,0
2017,Oct,27,18.4,51.1,M,II,0.2,0.391
2017,Nov,3,18.5,55,F,III,1.3,2.364
2017,Nov,3,16.5,40.6,F,II,0.6,1.478
2017,Nov,3,14.1,28.1,F,II,0.5,1.779
2017,Nov,3,22.1,104.6,F,II,0.8,0.765
2017,Nov,3,20.8,90.8,F,III,2.9,3.194
2017,Nov,3,15.1,28.2,F,II,0.5,1.773
2017,Nov,3,20.5,73.8,F,II,0.9,1.22
2017,Nov,3,17.6,52.1,F,II,0.8,1.536
2017,Nov,3,17.1,51.2,F,II,0.7,1.367
2017,Nov,3,18.2,50.8,F,II,0.9,1.772
2017,Nov,3,18.1,68.8,M,III,0.8,1.163
2017,Nov,3,13.5,18.1,M,II,0,0
2017,Nov,3,19.5,58.7,F,II,0.6,1.022
2017,Nov,3,18.3,58,F,II,0.6,1.034
2017,Nov,3,17.5,41,F,II,0.6,1.463
2017,Nov,3,14,28.2,F,II,0.4,1.418
2017,Nov,3,19.9,80.4,F,III,3.5,4.353
2017,Nov,9,19.5,65.3,F,III,2.6,3.982
2017,Nov,9,17.7,47.1,M,III,0.7,1.486
2017,Nov,9,19.3,63.2,M,III,0.8,1.266
2017,Nov,9,19.5,76.6,F,III,2.8,3.655
2017,Nov,9,21.5,91.6,F,III,3.6,3.93
2017,Nov,9,20.2,68.8,F,III,1.9,2.762
2017,Nov,9,20.6,86.5,F,IV,3.6,4.162
2017,Nov,9,19,66,F,III,2.2,3.333
2017,Nov,9,19.2,65.1,F,III,1.9,2.919
2017,Nov,9,18.1,50.7,M,III,0.6,1.183
2017,Nov,9,18.6,56.7,M,III,0.8,1.411
2017,Nov,9,21.2,86.3,F,IV,3.3,3.824
2017,Nov,9,22.8,107.8,M,III,0.9,0.835
2017,Nov,9,15.2,28.7,M,III,0.2,0.697
2017,Nov,15,20.5,86.2,F,IV,3.9,4.524
2017,Nov,15,21.2,87.5,F,IV,3.8,4.343
2017,Nov,15,23.5,151.1,F,IV,10.3,6.817
2017,Nov,15,19.7,68.8,F,III,1.6,2.326
2017,Nov,15,19.4,68.2,M,III,0.5,0.733
2017,Nov,15,19.5,65.3,F,V,3.9,5.972
2017,Nov,15,19.6,61.7,M,IV,1.1,1.783
2017,Nov,15,21.2,88.3,F,IV,3.5,3.964
2017,Nov,15,18.8,50.5,M,IV,1.5,2.97
2017,Nov,15,21,69,M,IV,1.2,1.739
2017,Nov,15,20.9,86.8,F,IV,3.9,4.493
2017,Nov,15,20.3,86.1,F,V,5.8,6.736
2017,Nov,15,19.3,71.7,F,V,5.6,7.81
2017,Nov,24,15.6,27.6,F,I,0,0
2017,Nov,24,20.9,83.9,F,V,2.4,2.861
2017,Nov,24,20.3,86.5,F,V,5.2,6.012
2017,Nov,24,16.9,45.3,F,V,2.8,6.181
2017,Nov,24,18.7,59.2,F,V,3.4,5.743
2017,Nov,24,27.8,244.9,F,V,11.6,4.737
2017,Nov,24,14.6,25.2,F,I,0,0
2017,Nov,24,22.3,92.4,F,V,3.3,3.571
2017,Nov,24,19.3,68.7,F,V,1.9,2.766
2017,Nov,24,18.3,44.4,F,V,1.3,2.928
2017,Nov,24,21.4,100.1,F,V,3.2,3.197
2017,Nov,24,18.2,44.6,F,V,1.3,2.915
2017,Nov,24,14.5,22.2,F,I,0,0
2017,Jan,6,12.6,14.8,F,I,0,0
2017,Jan,6,12.2,14.7,F,I,0,0
2017,Jan,6,13.4,17.4,M,I,0,0
2017,Jan,6,12.7,15,F,I,0,0
2017,Jan,6,13.9,20.3,F,I,0,0
2017,Jan,6,12.8,15.6,F,I,0,0
2017,Jan,6,12.2,14.7,M,I,0,0
2017,Jan,6,13.5,17.6,M,I,0,0
2017,Jan,6,13.1,17.3,F,I,0,0
2017,Jan,6,12.1,13.6,F,I,0,0
2017,Jan,6,12,12.4,F,I,0,0
2017,Jan,6,12.9,17.1,F,I,0,0
2017,Jan,6,12.4,14.6,F,I,0,0
2017,Jan,12,15,33,F,I,0,0
2017,Jan,12,20,73.1,F,II,0.2,0.274
2017,Jan,12,15.5,32.7,F,I,0,0
2017,Jan,12,14.7,27.9,M,I,0,0
2017,Jan,12,18,65.8,M,III,0.4,0.608
2017,Jan,12,19.8,80.2,M,III,0.2,0.249
2017,Jan,12,14.6,28.6,F,I,0,0
2017,Jan,12,16.7,42.8,F,II,0.1,0.234
2017,Jan,12,14.6,25.5,F,I,0,0
2017,Jan,12,12.3,15.2,F,I,0,0
2017,Mar,9,15.9,31.7,F,II,0,0
2017,Mar,9,12.5,15.6,F,I,0,0
2017,Mar,9,13.6,21.3,F,I,0,0
2017,Mar,9,15.3,30.7,F,II,0,0
2017,Mar,9,15,29.7,M,I,0,0
2017,Mar,9,15.5,30.8,M,II,0,0
2017,Mar,9,15.5,29.8,M,I,0,0
2017,Mar,9,14.8,26.5,F,I,0,0
2017,Mar,9,14.4,24.9,F,I,0,0
2017,Mar,9,11.9,13.2,F,I,0,0
2017,Mar,9,12,13,M,I,0,0
2017,Mar,9,13.1,17.7,M,I,0,0
2017,Mar,9,14.5,27,M,I,0,0
2017,Mar,9,14.5,24.2,M,I,0,0
2017,Mar,9,13.1,17.2,F,I,0,0
2017,Mar,9,14.7,27.9,F,II,0,0
2017,Mar,9,15.8,35.3,F,II,0,0
2017,Mar,9,15,29.8,F,II,0,0
2017,Mar,9,14,23.3,M,I,0,0
2017,Mar,9,15.5,30.5,M,I,0,0
2017,Mar,9,14.7,24,F,II,0,0
2017,Mar,9,15.2,28.4,F,II,0.1,0.352
2017,Mar,9,14.9,26.7,F,I,0,0
2017,Mar,9,14,21.4,M,I,0,0
2017,Mar,9,15.5,30.6,M,I,0,0
2017,Mar,9,14.7,27.3,F,I,0,0
2017,Mar,9,15.1,28.7,M,I,0,0
2017,Mar,9,15,27.2,M,I,0,0
2017,Mar,9,14,25.4,F,I,0,0
2017,Mar,9,14.8,26.6,M,I,0,0
2017,Mar,9,14.5,26,M,I,0,0
2017,Mar,9,15.5,34.1,F,II,0.1,0.293
2017,Mar,24,13.5,19.7,F,II,0,0
2017,Mar,24,13,17.8,F,I,0,0
2017,Mar,24,13.3,17.2,F,II,0.1,0.581
2017,Mar,24,13.2,19.4,F,I,0,0
2017,Mar,24,13.6,21,F,II,0,0
2017,Mar,24,14.3,23.7,F,I,0,0
2017,Mar,24,14.5,26,M,II,0,0
2017,Mar,24,14.5,24.9,M,II,0,0
2017,Mar,24,14.3,23.5,F,I,0,0
2017,Mar,24,13.5,19.5,M,I,0,0
2017,Mar,24,13.3,18.8,F,II,0,0
2017,Mar,24,13.8,20.5,F,I,0,0
2017,Mar,24,13,19.5,F,I,0,0
2017,Mar,24,13,16.9,F,II,0,0
2017,Mar,24,14.3,24.4,M,I,0,0
2017,Mar,24,14.4,24.3,M,I,0,0
2017,Mar,24,13,18.6,M,I,0,0
2017,Mar,24,12.2,16.8,M,I,0,0
2017,Mar,24,13.4,19.2,M,I,0,0
2017,Mar,24,13.7,21.9,M,I,0,0
2017,Mar,24,13.5,19.2,M,II,0,0
2017,Mar,24,13.5,20.4,F,I,0,0
2017,Mar,24,12,22.1,M,II,0,0
2017,Mar,24,13.5,21.6,F,I,0,0
2017,Mar,24,14.7,27.2,M,I,0,0
2017,Mar,24,13.2,18,F,II,0,0
2017,Mar,24,14.1,21.4,M,II,0,0
2017,Mar,24,13.4,18.9,F,I,0,0
2017,Mar,24,14.2,24.1,F,I,0,0
2017,Mar,24,13.4,18.8,M,I,0,0
2017,Mar,24,13.7,20,M,I,0,0
2017,Mar,24,13.8,23.7,M,I,0,0
2017,Mar,24,12.8,19.4,F,I,0,0
2017,Mar,24,13.2,18,M,II,0,0
2017,Mar,24,12.5,18.2,F,I,0,0
2017,Mar,24,13.7,21,M,I,0,0
2017,Mar,24,13.9,23,M,II,0,0
2017,Mar,24,13.7,20.7,F,I,0,0
2017,Mar,24,12.8,14.1,M,I,0,0
2017,Apr,21,14.8,27.4,M,I,0,0
2017,Apr,21,12.5,22.9,F,II,0.2,0.873
2017,Apr,21,14.7,24.9,M,II,0,0
2017,Apr,21,12.9,16.9,F,I,0,0
2017,Apr,21,12.5,15,F,I,0,0
2017,Apr,21,15,25.6,M,II,0,0
2017,Apr,21,15.1,24.3,F,II,0,0
2017,Apr,21,14.1,24.4,F,II,0,0
2017,Apr,21,14,20.7,M,II,0,0
2017,Apr,21,14.8,25.8,F,II,0,0
2017,Apr,21,14.3,22.5,M,I,0,0
2017,Apr,21,13.1,17.6,F,I,0,0
2017,Apr,21,14.5,23.3,F,I,0,0
2017,Apr,21,14.8,26.3,M,I,0,0
2017,Apr,21,13.8,23.6,M,I,0,0
2017,Apr,27,19,63.8,F,II,0.9,1.411
2017,Apr,27,13.9,22.3,M,II,0,0
2017,Apr,27,15,26.3,M,II,0,0
2017,Apr,27,18.8,57.4,F,II,0.3,0.523
2017,Apr,27,17,43.4,F,II,0.1,0.23
2017,Apr,27,17.8,53.3,F,II,0.1,0.188
2017,Apr,27,14.7,26.6,F,II,0.1,0.376
2017,Apr,27,14.4,26.3,F,II,0,0
2017,Apr,27,14.2,25.3,F,II,0,0
2017,Apr,27,14.4,25.2,F,I,0,0
2017,Apr,27,18,57.9,F,II,0.2,0.345
2017,Apr,27,19.6,73.1,F,II,0.2,0.274
2017,May,3,13.9,23.1,M,I,0,0
2017,May,3,13.5,22.5,F,II,0.2,0.889
2017,May,3,14.5,25.6,F,I,0,0
2017,May,3,13.8,25,M,II,0,0
2017,May,3,12.3,17.2,M,I,0,0
2017,May,3,13.3,20.9,M,II,0,0
2017,May,3,13.6,24.6,F,II,0,0
2017,May,3,13.8,22.5,M,I,0,0
2017,May,3,11,14.2,F,I,0,0
2017,May,3,14.3,23.5,F,I,0,0
2017,May,3,12.8,20.2,M,I,0,0
2017,May,3,13.5,23.3,F,II,0.1,0.429
2017,May,3,12.3,15.6,F,I,0,0
2017,May,3,13.4,19.4,M,I,0,0
2017,May,3,13.2,23.2,M,II,0,0
2017,May,3,13,18.5,F,I,0,0
2017,May,3,13.4,19,M,I,0,0
2017,May,3,14.7,27,M,II,0,0
2017,May,3,13.4,23.3,M,I,0,0
2017,May,3,13,19.2,M,II,0,0
2017,May,3,15.1,28.8,M,III,0.2,0.694
2017,May,3,14.3,26.5,M,II,0,0
2017,May,3,14,23.6,M,II,0,0
2017,May,3,14.5,22.9,M,III,0.1,0.437
2017,May,3,12.4,18,M,I,0,0
2017,May,3,14.7,26,M,III,0.2,0.769
2017,May,3,13.3,21.2,M,II,0,0
2017,May,3,12.8,18,M,I,0,0
2017,May,3,14.3,23,M,II,0,0
2017,May,3,13.3,19.8,M,I,0,0
2017,May,3,15,32.2,M,III,0.1,0.311
2017,May,3,13.6,21.9,M,II,0,0
2017,May,3,13.8,21.8,M,II,0,0
2017,May,3,13,23.3,M,II,0,0
2017,May,3,14,24.2,F,II,0.2,0.826
2017,May,3,14.2,24.4,M,II,0,0
2017,May,3,13.9,22.7,M,II,0,0
2017,May,3,11,16.3,M,I,0,0
2017,May,3,14,25.2,M,II,0,0
2017,May,3,13.3,19.8,M,II,0,0
2017,May,3,13.8,24,M,II,0,0
2017,May,3,13.1,20.9,M,I,0,0
2017,May,3,14,22.4,F,II,0,0
2017,May,3,13.2,20.1,M,I,0,0
2017,May,18,20.9,81.5,F,III,0.9,1.104
2017,May,18,22.3,10.7,M,III,0.7,6.542
2017,May,18,19.5,60.6,M,III,0.8,1.32
2017,May,18,18.6,58.3,M,III,1,1.715
2017,May,18,19.9,80.1,F,III,3.5,4.37
2017,May,18,20.9,86.5,F,IV,3.6,4.162
2017,May,18,19.8,80,M,III,0.7,0.875
2017,May,18,19.3,65.7,F,III,1.9,2.892
2017,May,18,17.5,40.8,F,II,0.8,1.961
2017,May,18,18.1,52,F,III,2.7,5.192
2017,May,18,16.8,32.8,M,III,0.4,1.22
2017,May,18,17.8,46.2,M,III,0.5,1.082
2017,May,18,18.9,54.6,M,III,0.4,0.733
2017,May,18,16.6,33.8,M,III,0.3,0.888
2017,May,18,17.7,43.7,M,III,0.4,0.915
2017,May,18,25.9,18.4,F,III,4.9,26.63
2017,Jun,6,12.1,17.7,M,II,0,0
2017,Jun,6,16.8,39.2,M,III,0.1,0.255
2017,Jun,6,14.8,26.7,M,III,0.1,0.375
2017,Jun,6,16.6,37.3,M,III,0.1,0.268
2017,Jun,6,15,28.2,M,II,0,0
2017,Jun,6,13.2,19.5,M,II,0,0
2017,Jun,6,16.5,34.8,F,II,0.2,0.575
2017,Jun,6,14.6,23.5,M,III,0.1,0.426
2017,Jun,6,15.5,30,F,II,0.1,0.333
2017,Jun,6,13.7,20.4,F,II,0,0
2017,Jun,6,14.8,24.8,F,II,0.1,0.403
2017,Jun,6,15,27.9,M,III,0.1,0.358
2017,Jun,6,15,30.4,M,II,0,0
2017,Jun,6,13.7,20.1,M,II,0,0
2017,Jun,6,14,21.8,F,II,0,0
2017,Jun,6,15,32.4,M,III,0.1,0.309
2017,Jun,6,17.5,42.7,F,II,0.2,0.468
2017,Jun,6,14.9,29.1,M,II,0,0
2017,Jun,6,15.6,27.9,M,II,0,0
2017,Jun,6,15,25.7,M,III,0.1,0.389
2017,Jun,6,14.9,27.2,M,II,0,0
2017,Jun,6,16.3,35.5,F,II,0.3,0.845
2017,Jun,6,14.4,24.3,F,II,0.1,0.412
2017,Jun,6,14.1,24,M,II,0,0
2017,Jun,6,14.5,22.5,M,III,0.1,0.444
2017,Nov,9,31.1,333,F,IV,16.1,4.835
2017,Nov,9,24,142,F,III,7.4,5.211
2017,Nov,9,17,56.1,M,III,0.2,0.357
2017,Nov,9,21.2,86.4,F,III,2,2.315
2017,Nov,9,18.5,56.5,M,III,0.5,0.885
2017,Nov,9,22,110.9,F,III,2.5,2.254
2017,Nov,9,17.1,47.3,M,III,0.4,0.846
2017,Nov,9,16.8,43.6,M,III,0.4,0.917
2017,Nov,9,18.5,55.2,M,III,0.6,1.087
2017,Nov,9,18.5,56.5,M,III,0.3,0.531
2017,Jan,12,20.8,91.5,M,III,0.6,0.656
2017,Jan,12,20.6,86.2,M,III,0.4,0.464
2017,Jan,12,20,72.3,M,III,0.4,0.553
2017,Jan,12,18.5,58.2,M,III,0.4,0.687
2017,Jan,12,18,52.7,F,II,0.2,0.38
2017,Jan,12,19.3,63.5,M,III,0.5,0.787
2017,Jan,12,24.8,154.1,F,V,5.7,3.699
2017,Jan,12,19.4,72.8,M,III,0.3,0.412
2017,Jan,12,18.9,60.4,M,III,0.3,0.497
2017,Jan,12,16,38.7,F,I,0,0
2017,Mar,9,27,225,F,V,17.6,7.822
2017,Mar,9,27.8,215,F,II,2,0.93
2017,Mar,9,17.2,40.5,F,I,0,0
2017,Mar,9,17.7,49.5,M,I,0,0
2017,Mar,9,16.6,39.8,M,I,0,0
2017,Mar,9,18.3,49.7,F,II,0.1,0.201
2017,Mar,9,16,33.9,F,I,0,0
2017,Mar,9,18,48.1,F,II,0,0
2017,Mar,9,18.3,53.2,F,II,0.1,0.188
2017,Mar,9,16.2,34.8,M,I,0,0
2017,Mar,9,13.9,20.8,M,I,0,0
2017,Mar,9,16.5,43,F,II,0,0
2017,Mar,9,15.5,31.6,F,I,0,0
2017,Mar,9,16.1,35.1,F,II,0,0
2017,Mar,9,18,50,F,II,0,0
2017,Mar,9,16.1,36.4,F,II,0.1,0.275
2017,Mar,9,14.5,27.9,F,I,0,0
2017,Mar,9,17.7,48.2,M,I,0,0
2017,Mar,9,16.8,38.3,M,II,0.2,0.522
2017,Mar,9,17.5,41.6,F,II,0,0
2017,Mar,24,16.6,36.6,M,II,0,0
2017,Mar,24,18.1,49.7,F,II,0.1,0.201
2017,Mar,24,16.7,39.8,M,II,0.1,0.251
2017,Mar,24,15.8,34.7,F,II,0,0
2017,Mar,24,18,51.1,F,II,0.2,0.391
2017,Mar,24,18,57.1,F,II,0.1,0.175
2017,Mar,24,16.9,42.9,F,II,0,0
2017,Mar,24,17.7,48.4,F,II,0.1,0.207
2017,Mar,24,17.7,39,M,III,0.2,0.513
2017,Mar,24,18.2,60.5,F,II,0.1,0.165
2017,Mar,24,16.3,41,F,II,0,0
2017,Mar,24,17.1,42.1,F,II,0,0
2017,Mar,24,16.6,40.7,F,II,0,0
2017,Mar,24,17.5,49.6,F,II,0.1,0.202
2017,Mar,24,17,42.8,F,II,0,0
2017,Mar,24,18.4,55.1,F,II,0.1,0.181
2017,Mar,24,18,53.4,F,II,0,0
2017,Mar,24,17,42.4,F,II,0,0
2017,Mar,24,16.8,39.5,F,II,0.1,0.253
2017,Mar,24,17.2,43.7,F,II,0.2,0.458
2017,Mar,24,18,50,F,II,0,0
2017,Apr,21,16,32,M,II,0,0
2017,Apr,21,17,43.7,F,II,0.1,0.229
2017,Apr,21,17.1,38.4,M,II,0,0
2017,Apr,21,17.5,41,M,III,0.2,0.488
2017,Apr,21,19.7,64.3,F,II,0.1,0.156
2017,Apr,21,17.1,42.6,F,II,0.2,0.469
2017,Apr,21,19.5,70.3,F,II,0.4,0.569
2017,Apr,21,17.9,46.6,F,II,0.3,0.644
2017,Apr,21,19.9,73.1,F,II,0.5,0.684
2017,Apr,21,17.3,42,F,II,0.1,0.238
2017,Apr,21,16.4,39.1,M,III,0.3,0.767
2017,Apr,21,17.8,48.7,F,II,0.1,0.205
2017,Apr,21,15.1,28.9,M,II,0,0
2017,Apr,21,17.2,40.9,F,II,0.1,0.244
2017,Apr,21,16.2,39.7,F,II,0,0
2017,Apr,21,17.4,42.8,F,II,0,0
2017,Apr,21,18.6,53.1,F,II,0.1,0.188
2017,Apr,21,17.6,50.5,F,II,0,0
2017,Apr,21,17.7,51.3,F,II,0.1,0.195
2017,Apr,21,16.8,37,F,II,0,0
2017,Apr,21,15.9,34.9,F,II,0.1,0.287
2017,Apr,27,15.6,31.6,F,II,0.1,0.316
2017,Apr,27,15,29.1,M,II,0.1,0.344
2017,Apr,27,16.4,36,M,III,0.5,1.389
2017,Apr,27,20.1,70.1,F,II,0.5,0.713
2017,Apr,27,16.9,43.1,F,II,0.3,0.696
2017,Apr,27,16.6,37.7,F,II,0.1,0.265
2017,Apr,27,15.8,31.1,M,II,0.1,0.322
2017,Apr,27,18.3,48.5,M,III,0.5,1.031
2017,Apr,27,16.8,43,M,III,0.1,0.233
2017,Apr,27,16,33.7,M,III,0.1,0.297
2017,Apr,27,14.8,27.2,F,II,0,0
2017,Apr,27,16.9,39.7,F,II,0.2,0.504
2017,Apr,27,16.9,39.1,M,III,0.3,0.767
2017,Apr,27,17.2,46.9,F,II,0.2,0.426
2017,Apr,27,17.8,46.9,F,II,0.2,0.426
2017,Apr,27,15.7,31,M,III,0.5,1.613
2017,Apr,27,19,58.5,M,III,0.2,0.342
2017,Apr,27,16.5,39.8,F,II,0.1,0.251
2017,Apr,27,17.2,40.6,M,II,0,0
2017,Apr,27,16.2,38,M,II,0.2,0.526
2017,Apr,27,16.5,38.3,M,II,0,0
2017,Apr,27,15.4,31.1,F,II,0.2,0.643
2017,Apr,27,18,49.3,F,II,0.2,0.406
2017,Apr,27,17,44.6,F,II,0.2,0.448
2017,Apr,27,17.5,47.6,M,II,0,0
2017,Apr,27,16.6,34.7,F,II,0.1,0.288
2017,Apr,27,17.5,44.4,F,II,0.3,0.676
2017,Apr,27,18.8,58.5,F,V,2.5,4.274
2017,Apr,27,19.2,66.6,F,V,2.6,3.904
2017,Apr,27,21.4,99.7,F,V,3.2,3.21
2017,Apr,27,14.3,21.7,F,I,0,0
2017,Apr,27,18.9,62.3,F,V,1.3,2.087
2017,Apr,27,18.3,44.4,F,V,1.1,2.477
2017,Apr,27,15.8,27.5,F,I,0,0
2017,Apr,27,18.8,62.1,F,V,1,1.61
2017,Apr,27,20.9,82.7,F,V,1.5,1.814
2017,Apr,27,19.3,60.9,F,V,1.9,3.12
2017,Apr,27,13.9,24.6,F,I,0,0
2017,Apr,27,19.8,65.5,F,V,1.8,2.748
2017,Apr,27,18.7,61.2,F,V,2.7,4.412
2017,Apr,27,18.3,44.1,F,V,0,0
2017,May,24,18.6,59.9,F,II,0.7,1.169
2017,May,24,18.5,53.6,F,III,1.1,2.052
2017,May,24,13.8,25.6,M,III,0.2,0.781
2017,May,24,20,77.2,F,III,2.9,3.756
2017,May,24,18.4,53.8,F,II,0.6,1.115
2017,May,24,19.8,73.7,F,II,0.8,1.085
2017,May,24,20.3,75.2,F,III,1.2,1.596
2017,May,24,20.4,81.2,F,III,1.1,1.355
2017,May,24,17.1,43.3,M,III,0.3,0.693
2017,May,24,18.4,56.7,F,II,0.3,0.529
2017,May,24,20.6,82.8,F,III,1.1,1.329
2017,May,24,18.2,49.9,F,II,0.5,1.002
2017,May,24,18.7,59.4,F,II,0.6,1.01
2017,Jun,6,18.6,47.8,F,II,0.4,0.837
2017,Jun,6,19,54.9,F,II,0.3,0.546
2017,Jun,6,17.7,46.6,F,II,0.4,0.858
2017,Jun,6,18.2,49.5,F,II,0.4,0.808
2017,Jun,6,19.5,62.2,F,II,0.4,0.643
2017,Jun,6,19.2,52.8,M,II,0,0
2017,Jun,6,17.9,43.3,F,II,0.2,0.462
2017,Jun,6,19.7,64,F,II,0.7,1.094
2017,Jun,6,18.3,47.1,F,II,0.4,0.849
2017,Jun,6,21.9,81.3,F,II,0.5,0.615
2017,Jun,6,17.8,42.9,M,II,0,0
2017,Jun,6,16.5,37.9,F,II,0.2,0.528
2017,Jun,6,17.7,42.1,F,II,0.3,0.713
2017,Jun,6,17.6,42.7,F,II,0.3,0.703
2017,Jun,6,18,45.3,F,II,0.2,0.442
2017,Jun,6,18.5,47.6,F,II,0.3,0.63
2017,Jun,6,16.9,39.6,F,II,0.2,0.505
2017,Jun,6,17.5,44.8,F,II,0.4,0.893
2017,Jun,6,17.9,42.3,F,II,0.2,0.473
2017,Jun,6,19.4,66.5,F,II,0.4,0.602
2017,Jun,30,16,33.9,M,III,0.1,0.295
2017,Jun,30,15.6,33.4,F,II,0,0
2017,Jun,30,16,32,F,II,0.1,0.313
2017,Jun,30,15.8,29.3,F,II,0,0
2017,Jun,30,14.5,25,F,II,0,0
2017,Jun,30,16.8,38.4,M,III,0.1,0.26
2017,Jun,30,15.9,32.7,F,II,0.2,0.612
2017,Jun,30,20.7,80.3,F,III,1.3,1.619
2017,Jun,30,16.5,36,F,II,0.3,0.833
2017,Jun,30,17.5,45.7,F,II,0.4,0.875
2017,Jun,30,16.9,37.9,M,III,0.1,0.264
2017,Jun,30,19.3,56.2,F,II,0.7,1.246
2017,Jun,30,15.8,28.4,F,II,0.2,0.704
2017,Jun,30,16.4,38.2,F,II,3,7.853
2017,Jun,30,17.1,39.8,M,II,0,0
2017,Jun,30,16.9,43.3,M,III,0.1,0.231
2017,Jun,30,15.4,28.1,M,III,0.1,0.356
2017,Jun,30,15.4,25.4,F,II,0,0
2017,Jun,30,14.8,27.9,F,II,0,0
2017,Jun,30,17.3,41.8,M,III,0.1,0.239
2017,Jun,30,16.6,34.6,M,III,0.2,0.578
2017,Jun,30,17,37.5,M,III,0.2,0.533
2017,Jun,30,16.2,31.3,F,II,0.2,0.639
2017,Jun,30,16,35.8,M,II,0,0
2017,Jun,30,13.2,18.9,F,I,0,0
2017,Jun,30,16.2,32,M,II,0,0
2017,Jun,30,14.3,25.9,M,II,0,0
2017,Jun,30,14.5,24.1,F,I,0,0
2017,Jun,30,21.2,85.1,F,III,2.2,2.585
2017,Sep,6,20.7,80.9,F,V,1.5,1.854
2017,Sep,6,23,133.8,F,V,4.2,3.139
2017,Sep,6,19.9,77.4,F,III,2.2,2.842
2017,Sep,6,17.6,46.7,M,III,0.2,0.428
2017,Sep,6,18.3,57.3,M,III,0.2,0.349
2017,Sep,6,20.3,74.3,F,III,3.2,4.307
2017,Sep,6,17.4,44.6,F,III,0.9,2.018
2017,Sep,6,18.9,61,M,III,0.5,0.82
2017,Sep,6,19.4,65.3,M,III,0.6,0.919
2017,Sep,6,18.3,58.9,M,III,0.5,0.849
2017,Sep,6,22.3,110.8,F,III,1.1,0.993
2017,Sep,6,19.8,76.6,F,II,0.5,0.653
2017,Sep,6,17.3,42,F,II,0.4,0.952
2017,Sep,15,18,49.9,F,II,0.4,0.802
2017,Sep,15,15.7,35.8,M,III,0.1,0.279
2017,Sep,15,19.9,77.2,F,III,2.4,3.109
2017,Sep,15,19.5,66.1,M,III,0.4,0.605
2017,Sep,15,18,54.1,M,III,0.3,0.555
2017,Sep,15,16,36.9,M,III,0.3,0.813
2017,Sep,15,16.6,39.6,M,III,0.5,1.263
2017,Sep,15,18.1,56,M,III,0.6,1.071
2017,Sep,15,19.3,64.6,M,III,0.7,1.084
2017,Sep,15,17,42.8,M,III,0.3,0.701
2017,Sep,15,16.8,40,F,II,0.2,0.5
2017,Sep,15,16,37.2,M,III,0.4,1.075
2017,Sep,15,17.5,47.2,M,III,0.5,1.059
2017,Sep,15,16.2,37,M,III,0.3,0.811
2017,Sep,15,17.1,45.2,M,III,0.5,1.106
2017,Sep,15,16,38.1,M,III,0.4,1.05
2017,Sep,15,17.5,43.6,F,II,0.3,0.688
2017,Sep,15,17.5,45.7,M,III,0.4,0.875
2017,Sep,15,16.3,39.7,M,III,0.4,1.008
2017,Sep,15,17.5,46.8,F,II,0.2,0.427
2017,Sep,15,18.5,57.2,M,III,0.5,0.874
2017,Sep,15,20.2,73.9,F,V,4.5,6.089
2017,Sep,15,18.2,58.4,F,III,0.7,1.199
2017,Sep,15,16.2,39.3,F,II,0.2,0.509
2017,Sep,15,22.1,123.9,F,III,6.2,5.004
2017,Sep,15,18,55.9,F,II,0.3,0.537
2017,Sep,15,19.2,69,F,III,0.8,1.159
2017,Sep,15,16.4,38.4,M,III,0.3,0.781
2017,Sep,15,16.2,39.4,F,II,0.2,0.508
2017,Sep,15,17.2,44,F,II,0.2,0.455
2017,Oct,3,18.3,50.8,M,III,0.4,0.787
2017,Oct,3,18.5,58.8,F,II,0.9,1.531
2017,Oct,3,18.4,53.4,F,III,1.6,2.996
2017,Oct,3,20.4,82.5,F,III,2.7,3.273
2017,Oct,3,16.7,46.8,M,III,0.5,1.068
2017,Oct,3,20,76.3,F,III,3,3.932
2017,Oct,3,17.5,65.3,M,III,0.7,1.072
2017,Oct,3,17.5,46.6,M,III,0.6,1.288
2017,Oct,3,22,112.5,F,IV,5.9,5.244
2017,Oct,3,18.5,59.9,F,III,3,5.008
2017,Oct,3,18,50.4,F,III,1.2,2.381
2017,Oct,3,17.5,50.3,F,III,1.5,2.982
2017,Oct,3,20.5,77.5,F,III,2,2.581
2017,Oct,3,17.8,55.2,F,III,1.4,2.536
2017,Oct,3,18.8,57.5,F,III,1,1.739
2017,Oct,3,18,59.8,F,III,1.6,2.676
2017,Oct,12,20.5,78.4,F,III,2.5,3.189
2017,Oct,12,17,48.7,F,III,1.2,2.464
2017,Oct,12,19.5,58.6,F,III,1.1,1.877
2017,Oct,12,18.5,65.2,F,III,1.3,1.994
2017,Oct,12,18.9,59.2,M,III,0.6,1.014
2017,Oct,12,18.7,57.9,M,III,0.5,0.864
2017,Oct,12,18.5,57.7,M,III,0.6,1.04
2017,Oct,12,20.5,69.5,F,IV,3.7,5.324
2017,Oct,12,18.5,58,F,III,1.6,2.759
2017,Oct,12,17.5,68.6,F,III,2,2.915
2017,Oct,12,18.2,57,M,III,0.5,0.877
2017,Oct,12,18.1,54.2,M,III,0.5,0.923
2017,Oct,12,20,78.2,F,III,3.4,4.348
2017,Oct,12,18.5,57.2,F,III,0.6,1.049
2017,Oct,12,18,65.4,M,III,0.6,0.917
2017,Oct,12,18.6,59.2,M,III,0.6,1.014
2017,Oct,12,19,60.8,F,III,1.4,2.303
2017,Jan,12,13,16.8,F,I,0,0
2017,Jan,12,12,14.6,F,I,0,0
2017,Jan,12,11.6,10.8,M,I,0,0
2017,Jan,12,12.5,15.2,F,I,0,0
2017,Jan,12,12,13.6,F,I,0,0
2017,Jan,12,12.5,16.8,F,I,0,0
2017,Jan,12,12,14,F,I,0,0
2017,Jan,12,12.5,17,M,I,0,0
2017,Jan,12,12.3,16.1,M,I,0,0
2017,Jan,12,12.5,14.7,F,I,0,0
2017,Jan,12,12.5,15.1,F,I,0,0
2017,Jan,12,13,15.5,F,I,0,0
2017,Jan,12,13,15.5,F,I,0,0
2017,Jan,12,12,13.9,F,I,0,0
2017,Jan,12,12.2,14.6,F,I,0,0
2017,Jan,12,13.3,20.1,M,I,0,0
2017,Jan,12,11.7,12.1,F,I,0,0
2017,Mar,9,15.5,31.8,F,I,0,0
2017,Mar,9,14.5,23.9,F,I,0,0
2017,Mar,9,15.7,32.9,F,II,0,0
2017,Mar,9,13.2,18.3,M,I,0,0
2017,Mar,9,15.2,27.4,F,I,0,0
2017,Mar,9,15.1,29.5,F,II,0,0
2017,Mar,9,15.2,31,F,II,0,0
2017,Mar,9,15.9,35,M,II,0.1,0.286
2017,Mar,9,16.1,34,F,II,0,0
2017,Mar,9,15.4,29.4,F,II,0,0
2017,Mar,9,13.6,20.4,F,I,0,0
2017,Mar,9,15.5,30.9,M,I,0,0
2017,Mar,9,15.1,29.3,F,I,0,0
2017,Mar,9,15.7,36.6,F,II,0,0
2017,Mar,9,14.5,24.2,F,II,0.1,0.413
2017,Mar,9,15.3,30.4,F,II,0.2,0.658
2017,Mar,9,16.2,38.1,F,II,0.1,0.262
2017,Mar,9,15.2,30.1,F,II,0,0
2017,Mar,9,15.1,31.3,F,II,0,0
2017,Mar,9,15,21.9,M,I,0,0
2017,Mar,9,15,30.5,F,I,0,0
2017,Mar,9,15,21.4,F,I,0,0
2017,Mar,9,14.4,26.3,F,I,0,0
2017,Mar,9,14.7,26.3,F,I,0,0
2017,Mar,9,15,30,M,I,0,0
2017,Mar,9,15.9,32.5,M,I,0,0
2017,Mar,9,15.1,28.8,F,I,0,0
2017,Mar,9,15.8,33.3,F,II,0,0
2017,Mar,24,17.6,47.6,M,I,0,0
2017,Mar,24,16.4,37.6,F,II,0.1,0.266
2017,Mar,24,18.5,56.6,F,II,0.3,0.53
2017,Mar,24,16.2,35.8,F,II,0.1,0.279
2017,Mar,24,17.5,45.6,F,II,0.1,0.219
2017,Mar,24,16.2,36,F,II,0.1,0.278
2017,Mar,24,16.4,38.1,F,II,0.2,0.525
2017,Mar,24,18,50.9,F,II,0.1,0.196
2017,Mar,24,16.8,45.4,F,II,0.1,0.22
2017,Mar,24,16.6,39.4,F,II,0.1,0.254
2017,Mar,24,16.5,39.7,F,II,0.2,0.504
2017,Apr,21,18,59.4,F,II,0.4,0.673
2017,Apr,21,15.3,29.7,M,II,0,0
2017,Apr,21,18.4,54.9,F,II,0.1,0.182
2017,Apr,21,20.8,84.6,F,II,0.6,0.709
2017,Apr,21,14,28,F,II,0,0
2017,Apr,21,17.8,49.8,F,II,0.1,0.201
2017,Apr,21,16.3,36.3,F,II,0,0
2017,Apr,21,19.5,63.5,M,II,0,0
2017,Apr,21,17.8,42.4,M,II,0.2,0.472
2017,Apr,21,17,41.9,M,II,0,0
2017,Apr,21,15.2,29.2,M,II,0,0
2017,Apr,27,17.5,47.3,F,II,0.5,1.057
2017,Apr,27,19.5,63.5,F,II,0.5,0
2017,Apr,27,16,38.8,M,II,0,0
2017,Apr,27,16.5,39.5,F,II,0.2,0.506
2017,Apr,27,16.7,39,F,II,0.3,0.769
2017,Apr,27,16.5,42.6,F,II,0.2,0.469
2017,Apr,27,16.3,36.9,M,II,0,0
2017,Apr,27,16,38.8,F,II,0.2,0.515
2017,Apr,27,16.8,41.4,F,II,0.2,0.483
2017,Apr,27,17.3,41.8,F,II,0.1,0.239
2017,Apr,27,16.3,37.4,M,II,0,0
2017,May,3,12,15.9,M,I,0,0
2017,May,3,11.3,12.9,M,I,0,0
2017,May,3,10.3,12.3,M,I,0,0
2017,May,3,12,15.6,M,I,0,0
2017,May,3,12.5,17.8,M,I,0,0
2017,May,3,14.6,26,F,II,0.2,0.769
2017,May,3,15.7,34.1,F,II,0,0
2017,May,3,10.6,10,M,I,0,0
2017,May,3,11.8,13.9,M,I,0,0
2017,May,3,16.5,36.2,F,II,0,0
2017,May,3,15.5,32.5,F,II,0.2,0.615
2017,May,3,16.5,37.1,F,II,0.1,0.27
2017,May,3,15.6,33,M,III,0.1,0.303
2017,May,3,15.3,32.4,F,II,0,0
2017,May,3,10.7,10.5,M,I,0,0
2017,May,3,15.4,33.3,M,II,0,0
2017,May,3,15.8,33.7,M,III,0.2,0.593
2017,May,3,15.2,28.2,M,II,0,0
2017,May,3,14.8,27.6,M,II,0,0
2017,May,3,15.4,319,M,III,0.2,0.063
2017,May,3,11.2,12.2,M,I,0,0
2017,May,3,11.8,121,M,I,0,0
2017,May,3,16.1,32.5,F,II,0.1,0.308
2017,May,3,15.7,34.9,F,II,0.1,0.287
2017,May,3,11.9,14,M,I,0,0
2017,May,3,12,15.9,M,I,0,0
2017,May,3,14,27.5,M,III,0.1,0.364
2017,May,3,15.3,32.1,F,II,0,0
2017,May,3,13.7,23.8,M,I,0,0
2017,May,24,15,26.2,F,I,0,0
2017,May,24,14.8,26.2,M,II,0,0
2017,May,24,14.9,26.9,M,II,0,0
2017,May,24,16.5,39,F,II,0.1,0.256
2017,May,24,15.8,33.1,F,II,0,0
2017,May,24,14.9,30.7,M,II,0,0
2017,May,24,16.5,29.9,M,II,0,0
2017,May,24,15.7,29.3,F,I,0,0
2017,May,24,15.5,28.9,F,II,0.2,0.692
2017,May,24,15,27.3,F,II,0.2,0.733
2017,May,24,15.5,31.2,M,II,0,0
2017,May,24,18.1,51.2,M,III,0.2,0.391
2017,May,24,15.9,36.4,F,II,0.1,0.275
2017,May,24,15,29.3,M,II,0,0
2017,May,24,15,34.7,M,I,0,0
2017,May,24,16.2,34.9,F,II,0,0
2017,Sep,6,18.1,60.1,F,II,0.1,0.166
2017,Sep,6,17.4,44.3,F,II,0.4,0.903
2017,Sep,6,18.3,60.4,F,II,0.2,0.331
2017,Sep,6,17.3,46.7,F,II,0.1,0.214
2017,Sep,6,16,40.6,F,II,0.1,0.246
2017,Sep,6,16.5,39.6,M,III,0.3,0.758
2017,Sep,6,17.5,44,F,II,0.2,0.455
2017,Sep,15,16.5,48,M,II,0.1,0.208
2017,Sep,15,18.1,56.5,M,III,0.6,1.062
2017,Sep,15,16.6,43.7,M,III,0.3,0.686
2017,Sep,15,17.4,48.3,M,III,0.4,0.828
2017,Sep,15,17.5,48.6,M,III,0.3,0.617
2017,Sep,15,15,30.5,M,III,0.3,0.984
2017,Sep,15,16.5,38.3,M,III,0.2,0.522
2017,Sep,15,16.7,47.8,M,III,0.3,0.628
2017,Nov,3,12,13.7,F,I,0,0
2017,Nov,9,16.5,41.2,F,II,0,0
2017,Nov,9,15.8,31.6,F,II,0,0
2017,Nov,9,15.2,28.7,F,II,0,0
2017,Nov,9,16.3,36,F,II,0,0
2017,Nov,9,15.6,33.1,M,III,0.2,0.604
2017,Nov,9,14.5,35.1,M,III,0.2,0.57
2017,Nov,9,14.7,32.7,F,II,0,0
2017,Nov,9,16.9,39.3,M,III,0.4,1.018
2017,Nov,9,13.2,20,F,I,0,0
2017,Oct,27,16.2,40.2,M,III,0.4,0.995
2017,Oct,27,20.3,86.3,M,III,0.6,0.695
2017,Oct,27,13.9,23.9,F,I,0,0
2017,Oct,27,19,70.4,M,III,0.5,0.71
2017,Oct,27,18.6,63.2,M,III,0.5,0.791
2017,Oct,27,14.7,29.9,F,II,0,0
2017,Oct,27,18.5,60.5,M,III,0.5,0.826
2017,Oct,27,18,54.9,M,III,0.6,1.093
2017,Oct,27,14.3,24.9,M,III,0.4,1.606
2017,Dec,6,14.4,21.2,F,I,0,0
2017,Dec,6,20.1,69.7,M,III,0.4,0.574
2017,Dec,6,20.5,80.9,F,III,0.5,0.618
2017,Dec,6,18.1,58.5,M,III,0.4,0.684
2017,Dec,6,19,66.1,M,III,0.5,0.756
2017,Dec,6,19,60.1,F,V,1.8,2.995
2017,Dec,6,19.5,67.5,M,III,0.5,0.741
2017,Dec,6,20.3,79.6,F,V,2.3,2.889
2017,Dec,6,19.7,66.9,M,IV,0.5,0.747
2017,Dec,6,19.5,70.7,M,III,0.4,0.566
2017,Dec,6,19.7,72.2,M,III,0.3,0.416
2017,Dec,6,20,70,F,V,2.3,3.286
2017,Dec,6,19.5,69.5,M,III,0.4,0.576
2017,Dec,6,20.4,72.3,M,III,0.4,0.553
2017,Dec,6,19.8,69.1,M,III,0.6,0.868
2017,Dec,6,20,75.5,M,III,0.5,0.662
2017,Dec,6,18.8,66.2,M,III,0.5,0.755
2017,Dec,15,23.5,140.3,F,IV,9.6,6.842
2017,Dec,15,17.7,40.5,M,III,0.3,0.741
2017,Dec,15,19.6,79.8,F,III,3.2,4.01
2017,Dec,15,21,95.4,F,V,3.5,3.669
2017,Dec,15,19.7,67.5,F,IV,3.1,4.593
2017,Dec,15,19.1,61.2,F,V,3,4.902
2017,Dec,15,18.8,60.6,M,III,0.5,0.825
2017,Dec,15,20.8,82,F,V,1.4,1.707
2017,Dec,15,19.5,69.9,F,V,2.3,3.29
2017,Dec,15,20.4,70.9,F,V,1.2,1.693
2017,Dec,15,18.7,61.8,F,V,2.2,3.56
2017,Dec,15,20.7,85.6,F,IV,3.5,4.089
2017,Dec,15,19.8,83.4,F,V,2.7,3.237
2017,Dec,27,18.7,61.9,F,V,1.1,1.777
2017,Dec,27,19.8,77.9,F,V,6.3,8.087
2017,Dec,27,18.5,61.2,F,V,2.1,3.431
2017,Dec,27,17.7,51.8,F,V,2.2,4.247
2017,Dec,27,15.1,26.8,F,I,0,0
2017,Dec,27,14.5,30.4,F,I,0,0
2017,Dec,27,20.4,70.9,F,V,1.4,1.975
2017,Dec,27,15.8,28.4,F,I,0,0
2017,Dec,27,14.9,26.6,F,I,0,0
2017,Dec,27,13.9,20.5,F,I,0,0
2017,Dec,27,18.2,43.8,F,V,1,2.283
2017,Dec,27,17.6,53.7,F,V,3.2,5.959
2017,Dec,27,13.9,24.7,F,I,0,0
2017,Dec,27,14.3,22.5,F,I,0,0
2017,Dec,27,15.3,27.3,F,I,0,0
2017,Dec,15,21,79.1,F,V,2.6,3.287
2017,Dec,15,21,86.5,F,V,2.5,2.89
2017,Dec,15,20,68,M,III,0.3,0.441
2017,Dec,15,20.3,78.1,F,III,2.1,2.689
2017,Dec,15,17.8,45.9,M,III,0.3,0.654
2017,Dec,15,21.7,89.5,F,V,2.5,2.793
2017,Dec,6,13.9,21.8,F,I,0,0
